{"1":{"surah_number":1,"audio_url":"https://download.quranicaudio.com/qdc/mishari_al_afasy/murattal/1.mp3","duration":46},"2":{"surah_number":2,"audio_url":"https://download.quranicaudio.com/qdc/mishari_al_afasy/murattal/2.mp3","duration":7264},"3":{"surah_number":3,"audio_url":"https://download.quranicaudio.com/qdc/mishari_al_afasy/murattal/3.mp3","duration":4791},"4":{"surah_number":4,"audio_url":"https://download.quranicaudio.com/qdc/mishari_al_afasy/murattal/4.mp3","duration":4769},"5":{"surah_number":5,"audio_url":"https://download.quranicaudio.com/qdc/mishari_al_afasy/murattal/5.mp3","duration":3757},"6":{"surah_number":6,"audio_url":"https://download.quranicaudio.com/qdc/mishari_al_afasy/murattal/6.mp3","duration":4337},"7":{"surah_number":7,"audio_url":"https://download.quranicaudio.com/qdc/mishari_al_afasy/murattal/7.mp3","duration":4792},"8":{"surah_number":8,"audio_url":"https://download.quranicaudio.com/qdc/mishari_al_afasy/murattal/8.mp3","duration":1821},"9":{"surah_number":9,"audio_url":"https://download.quranicaudio.com/qdc/mishari_al_afasy/murattal/9.mp3","duration":3624},"10":{"surah_number":10,"audio_url":"https://download.quranicaudio.com/qdc/mishari_al_afasy/murattal/10.mp3","duration":2688},"11":{"surah_number":11,"audio_url":"https://download.quranicaudio.com/qdc/mishari_al_afasy/murattal/11.mp3","duration":2770},"12":{"surah_number":12,"audio_url":"https://download.quranicaudio.com/qdc/mishari_al_afasy/murattal/12.mp3","duration":2515},"13":{"surah_number":13,"audio_url":"https://download.quranicaudio.com/qdc/mishari_al_afasy/murattal/13.mp3","duration":1212},"14":{"surah_number":14,"audio_url":"https://download.quranicaudio.com/qdc/mishari_al_afasy/murattal/14.mp3","duration":1202},"15":{"surah_number":15,"audio_url":"https://download.quranicaudio.com/qdc/mishari_al_afasy/murattal/15.mp3","duration":954},"16":{"surah_number":16,"audio_url":"https://download.quranicaudio.com/qdc/mishari_al_afasy/murattal/16.mp3","duration":2530},"17":{"surah_number":17,"audio_url":"https://download.quranicaudio.com/qdc/mishari_al_afasy/murattal/17.mp3","duration":1987},"18":{"surah_number":18,"audio_url":"https://download.quranicaudio.com/qdc/mishari_al_afasy/murattal/18.mp3","duration":1996},"19":{"surah_number":19,"audio_url":"https://download.quranicaudio.com/qdc/mishari_al_afasy/murattal/19.mp3","duration":1272},"20":{"surah_number":20,"audio_url":"https://download.quranicaudio.com/qdc/mishari_al_afasy/murattal/20.mp3","duration":1626},"21":{"surah_number":21,"audio_url":"https://download.quranicaudio.com/qdc/mishari_al_afasy/murattal/21.mp3","duration":1569},"22":{"surah_number":22,"audio_url":"https://download.quranicaudio.com/qdc/mishari_al_afasy/murattal/22.mp3","duration":1766},"23":{"surah_number":23,"audio_url":"https://download.quranicaudio.com/qdc/mishari_al_afasy/murattal/23.mp3","duration":1486},"24":{"surah_number":24,"audio_url":"https://download.quranicaudio.com/qdc/mishari_al_afasy/murattal/24.mp3","duration":1958},"25":{"surah_number":25,"audio_url":"https://download.quranicaudio.com/qdc/mishari_al_afasy/murattal/25.mp3","duration":1176},"26":{"surah_number":26,"audio_url":"https://download.quranicaudio.com/qdc/mishari_al_afasy/murattal/26.mp3","duration":1966},"27":{"surah_number":27,"audio_url":"https://download.quranicaudio.com/qdc/mishari_al_afasy/murattal/27.mp3","duration":1671},"28":{"surah_number":28,"audio_url":"https://download.quranicaudio.com/qdc/mishari_al_afasy/murattal/28.mp3","duration":2032},"29":{"surah_number":29,"audio_url":"https://download.quranicaudio.com/qdc/mishari_al_afasy/murattal/29.mp3","duration":1357},"30":{"surah_number":30,"audio_url":"https://download.quranicaudio.com/qdc/mishari_al_afasy/murattal/30.mp3","duration":1160},"31":{"surah_number":31,"audio_url":"https://download.quranicaudio.com/qdc/mishari_al_afasy/murattal/31.mp3","duration":652},"32":{"surah_number":32,"audio_url":"https://download.quranicaudio.com/qdc/mishari_al_afasy/murattal/32.mp3","duration":476},"33":{"surah_number":33,"audio_url":"https://download.quranicaudio.com/qdc/mishari_al_afasy/murattal/33.mp3","duration":1595},"34":{"surah_number":34,"audio_url":"https://download.quranicaudio.com/qdc/mishari_al_afasy/murattal/34.mp3","duration":1039},"35":{"surah_number":35,"audio_url":"https://download.quranicaudio.com/qdc/mishari_al_afasy/murattal/35.mp3","duration":965},"36":{"surah_number":36,"audio_url":"https://download.quranicaudio.com/qdc/mishari_al_afasy/murattal/36.mp3","duration":1056},"37":{"surah_number":37,"audio_url":"https://download.quranicaudio.com/qdc/mishari_al_afasy/murattal/37.mp3","duration":1449},"38":{"surah_number":38,"audio_url":"https://download.quranicaudio.com/qdc/mishari_al_afasy/murattal/38.mp3","duration":1058},"39":{"surah_number":39,"audio_url":"https://download.quranicaudio.com/qdc/mishari_al_afasy/murattal/39.mp3","duration":1627},"40":{"surah_number":40,"audio_url":"https://download.quranicaudio.com/qdc/mishari_al_afasy/murattal/40.mp3","duration":1566},"41":{"surah_number":41,"audio_url":"https://download.quranicaudio.com/qdc/mishari_al_afasy/murattal/41.mp3","duration":1148},"42":{"surah_number":42,"audio_url":"https://download.quranicaudio.com/qdc/mishari_al_afasy/murattal/42.mp3","duration":1164},"43":{"surah_number":43,"audio_url":"https://download.quranicaudio.com/qdc/mishari_al_afasy/murattal/43.mp3","duration":1225},"44":{"surah_number":44,"audio_url":"https://download.quranicaudio.com/qdc/mishari_al_afasy/murattal/44.mp3","duration":573},"45":{"surah_number":45,"audio_url":"https://download.quranicaudio.com/qdc/mishari_al_afasy/murattal/45.mp3","duration":637},"46":{"surah_number":46,"audio_url":"https://download.quranicaudio.com/qdc/mishari_al_afasy/murattal/46.mp3","duration":951},"47":{"surah_number":47,"audio_url":"https://download.quranicaudio.com/qdc/mishari_al_afasy/murattal/47.mp3","duration":732},"48":{"surah_number":48,"audio_url":"https://download.quranicaudio.com/qdc/mishari_al_afasy/murattal/48.mp3","duration":716},"49":{"surah_number":49,"audio_url":"https://download.quranicaudio.com/qdc/mishari_al_afasy/murattal/49.mp3","duration":495},"50":{"surah_number":50,"audio_url":"https://download.quranicaudio.com/qdc/mishari_al_afasy/murattal/50.mp3","duration":558},"51":{"surah_number":51,"audio_url":"https://download.quranicaudio.com/qdc/mishari_al_afasy/murattal/51.mp3","duration":550},"52":{"surah_number":52,"audio_url":"https://download.quranicaudio.com/qdc/mishari_al_afasy/murattal/52.mp3","duration":490},"53":{"surah_number":53,"audio_url":"https://download.quranicaudio.com/qdc/mishari_al_afasy/murattal/53.mp3","duration":466},"54":{"surah_number":54,"audio_url":"https://download.quranicaudio.com/qdc/mishari_al_afasy/murattal/54.mp3","duration":488},"55":{"surah_number":55,"audio_url":"https://download.quranicaudio.com/qdc/mishari_al_afasy/murattal/55.mp3","duration":690},"56":{"surah_number":56,"audio_url":"https://download.quranicaudio.com/qdc/mishari_al_afasy/murattal/56.mp3","duration":730},"57":{"surah_number":57,"audio_url":"https://download.quranicaudio.com/qdc/mishari_al_afasy/murattal/57.mp3","duration":821},"58":{"surah_number":58,"audio_url":"https://download.quranicaudio.com/qdc/mishari_al_afasy/murattal/58.mp3","duration":605},"59":{"surah_number":59,"audio_url":"https://download.quranicaudio.com/qdc/mishari_al_afasy/murattal/59.mp3","duration":622},"60":{"surah_number":60,"audio_url":"https://download.quranicaudio.com/qdc/mishari_al_afasy/murattal/60.mp3","duration":446},"61":{"surah_number":61,"audio_url":"https://download.quranicaudio.com/qdc/mishari_al_afasy/murattal/61.mp3","duration":286},"62":{"surah_number":62,"audio_url":"https://download.quranicaudio.com/qdc/mishari_al_afasy/murattal/62.mp3","duration":208},"63":{"surah_number":63,"audio_url":"https://download.quranicaudio.com/qdc/mishari_al_afasy/murattal/63.mp3","duration":251},"64":{"surah_number":64,"audio_url":"https://download.quranicaudio.com/qdc/mishari_al_afasy/murattal/64.mp3","duration":319},"65":{"surah_number":65,"audio_url":"https://download.quranicaudio.com/qdc/mishari_al_afasy/murattal/65.mp3","duration":356},"66":{"surah_number":66,"audio_url":"https://download.quranicaudio.com/qdc/mishari_al_afasy/murattal/66.mp3","duration":353},"67":{"surah_number":67,"audio_url":"https://download.quranicaudio.com/qdc/mishari_al_afasy/murattal/67.mp3","duration":444},"68":{"surah_number":68,"audio_url":"https://download.quranicaudio.com/qdc/mishari_al_afasy/murattal/68.mp3","duration":451},"69":{"surah_number":69,"audio_url":"https://download.quranicaudio.com/qdc/mishari_al_afasy/murattal/69.mp3","duration":401},"70":{"surah_number":70,"audio_url":"https://download.quranicaudio.com/qdc/mishari_al_afasy/murattal/70.mp3","duration":314},"71":{"surah_number":71,"audio_url":"https://download.quranicaudio.com/qdc/mishari_al_afasy/murattal/71.mp3","duration":277},"72":{"surah_number":72,"audio_url":"https://download.quranicaudio.com/qdc/mishari_al_afasy/murattal/72.mp3","duration":330},"73":{"surah_number":73,"audio_url":"https://download.quranicaudio.com/qdc/mishari_al_afasy/murattal/73.mp3","duration":238},"74":{"surah_number":74,"audio_url":"https://download.quranicaudio.com/qdc/mishari_al_afasy/murattal/74.mp3","duration":321},"75":{"surah_number":75,"audio_url":"https://download.quranicaudio.com/qdc/mishari_al_afasy/murattal/75.mp3","duration":207},"76":{"surah_number":76,"audio_url":"https://download.quranicaudio.com/qdc/mishari_al_afasy/murattal/76.mp3","duration":311},"77":{"surah_number":77,"audio_url":"https://download.quranicaudio.com/qdc/mishari_al_afasy/murattal/77.mp3","duration":283},"78":{"surah_number":78,"audio_url":"https://download.quranicaudio.com/qdc/mishari_al_afasy/murattal/78.mp3","duration":277},"79":{"surah_number":79,"audio_url":"https://download.quranicaudio.com/qdc/mishari_al_afasy/murattal/79.mp3","duration":237},"80":{"surah_number":80,"audio_url":"https://download.quranicaudio.com/qdc/mishari_al_afasy/murattal/80.mp3","duration":202},"81":{"surah_number":81,"audio_url":"https://download.quranicaudio.com/qdc/mishari_al_afasy/murattal/81.mp3","duration":126},"82":{"surah_number":82,"audio_url":"https://download.quranicaudio.com/qdc/mishari_al_afasy/murattal/82.mp3","duration":111},"83":{"surah_number":83,"audio_url":"https://download.quranicaudio.com/qdc/mishari_al_afasy/murattal/83.mp3","duration":287},"84":{"surah_number":84,"audio_url":"https://download.quranicaudio.com/qdc/mishari_al_afasy/murattal/84.mp3","duration":145},"85":{"surah_number":85,"audio_url":"https://download.quranicaudio.com/qdc/mishari_al_afasy/murattal/85.mp3","duration":180},"86":{"surah_number":86,"audio_url":"https://download.quranicaudio.com/qdc/mishari_al_afasy/murattal/86.mp3","duration":88},"87":{"surah_number":87,"audio_url":"https://download.quranicaudio.com/qdc/mishari_al_afasy/murattal/87.mp3","duration":95},"88":{"surah_number":88,"audio_url":"https://download.quranicaudio.com/qdc/mishari_al_afasy/murattal/88.mp3","duration":121},"89":{"surah_number":89,"audio_url":"https://download.quranicaudio.com/qdc/mishari_al_afasy/murattal/89.mp3","duration":195},"90":{"surah_number":90,"audio_url":"https://download.quranicaudio.com/qdc/mishari_al_afasy/murattal/90.mp3","duration":106},"91":{"surah_number":91,"audio_url":"https://download.quranicaudio.com/qdc/mishari_al_afasy/murattal/91.mp3","duration":73},"92":{"surah_number":92,"audio_url":"https://download.quranicaudio.com/qdc/mishari_al_afasy/murattal/92.mp3","duration":99},"93":{"surah_number":93,"audio_url":"https://download.quranicaudio.com/qdc/mishari_al_afasy/murattal/93.mp3","duration":54},"94":{"surah_number":94,"audio_url":"https://download.quranicaudio.com/qdc/mishari_al_afasy/murattal/94.mp3","duration":34},"95":{"surah_number":95,"audio_url":"https://download.quranicaudio.com/qdc/mishari_al_afasy/murattal/95.mp3","duration":59},"96":{"surah_number":96,"audio_url":"https://download.quranicaudio.com/qdc/mishari_al_afasy/murattal/96.mp3","duration":83},"97":{"surah_number":97,"audio_url":"https://download.quranicaudio.com/qdc/mishari_al_afasy/murattal/97.mp3","duration":35},"98":{"surah_number":98,"audio_url":"https://download.quranicaudio.com/qdc/mishari_al_afasy/murattal/98.mp3","duration":113},"99":{"surah_number":99,"audio_url":"https://download.quranicaudio.com/qdc/mishari_al_afasy/murattal/99.mp3","duration":49},"100":{"surah_number":100,"audio_url":"https://download.quranicaudio.com/qdc/mishari_al_afasy/murattal/100.mp3","duration":60},"101":{"surah_number":101,"audio_url":"https://download.quranicaudio.com/qdc/mishari_al_afasy/murattal/101.mp3","duration":53},"102":{"surah_number":102,"audio_url":"https://download.quranicaudio.com/qdc/mishari_al_afasy/murattal/102.mp3","duration":52},"103":{"surah_number":103,"audio_url":"https://download.quranicaudio.com/qdc/mishari_al_afasy/murattal/103.mp3","duration":20},"104":{"surah_number":104,"audio_url":"https://download.quranicaudio.com/qdc/mishari_al_afasy/murattal/104.mp3","duration":47},"105":{"surah_number":105,"audio_url":"https://download.quranicaudio.com/qdc/mishari_al_afasy/murattal/105.mp3","duration":39},"106":{"surah_number":106,"audio_url":"https://download.quranicaudio.com/qdc/mishari_al_afasy/murattal/106.mp3","duration":32},"107":{"surah_number":107,"audio_url":"https://download.quranicaudio.com/qdc/mishari_al_afasy/murattal/107.mp3","duration":48},"108":{"surah_number":108,"audio_url":"https://download.quranicaudio.com/qdc/mishari_al_afasy/murattal/108.mp3","duration":15},"109":{"surah_number":109,"audio_url":"https://download.quranicaudio.com/qdc/mishari_al_afasy/murattal/109.mp3","duration":44},"110":{"surah_number":110,"audio_url":"https://download.quranicaudio.com/qdc/mishari_al_afasy/murattal/110.mp3","duration":25},"111":{"surah_number":111,"audio_url":"https://download.quranicaudio.com/qdc/mishari_al_afasy/murattal/111.mp3","duration":31},"112":{"surah_number":112,"audio_url":"https://download.quranicaudio.com/qdc/mishari_al_afasy/murattal/112.mp3","duration":13},"113":{"surah_number":113,"audio_url":"https://download.quranicaudio.com/qdc/mishari_al_afasy/murattal/113.mp3","duration":23},"114":{"surah_number":114,"audio_url":"https://download.quranicaudio.com/qdc/mishari_al_afasy/murattal/114.mp3","duration":40}}