{
    "1": {
        "surah_number": 1,
        "audio_url": "https://download.quranicaudio.com/qdc/abdurrahmaan_as_sudais/murattal/1.mp3",
        "duration": 34
    },
    "2": {
        "surah_number": 2,
        "audio_url": "https://download.quranicaudio.com/qdc/abdurrahmaan_as_sudais/murattal/2.mp3",
        "duration": 5952
    },
    "3": {
        "surah_number": 3,
        "audio_url": "https://download.quranicaudio.com/qdc/abdurrahmaan_as_sudais/murattal/3.mp3",
        "duration": 3309
    },
    "4": {
        "surah_number": 4,
        "audio_url": "https://download.quranicaudio.com/qdc/abdurrahmaan_as_sudais/murattal/4.mp3",
        "duration": 3648
    },
    "5": {
        "surah_number": 5,
        "audio_url": "https://download.quranicaudio.com/qdc/abdurrahmaan_as_sudais/murattal/5.mp3",
        "duration": 2663
    },
    "6": {
        "surah_number": 6,
        "audio_url": "https://download.quranicaudio.com/qdc/abdurrahmaan_as_sudais/murattal/6.mp3",
        "duration": 2825
    },
    "7": {
        "surah_number": 7,
        "audio_url": "https://download.quranicaudio.com/qdc/abdurrahmaan_as_sudais/murattal/7.mp3",
        "duration": 3213
    },
    "8": {
        "surah_number": 8,
        "audio_url": "https://download.quranicaudio.com/qdc/abdurrahmaan_as_sudais/murattal/8.mp3",
        "duration": 1200
    },
    "9": {
        "surah_number": 9,
        "audio_url": "https://download.quranicaudio.com/qdc/abdurrahmaan_as_sudais/murattal/9.mp3",
        "duration": 2454
    },
    "10": {
        "surah_number": 10,
        "audio_url": "https://download.quranicaudio.com/qdc/abdurrahmaan_as_sudais/murattal/10.mp3",
        "duration": 1747
    },
    "11": {
        "surah_number": 11,
        "audio_url": "https://download.quranicaudio.com/qdc/abdurrahmaan_as_sudais/murattal/11.mp3",
        "duration": 1880
    },
    "12": {
        "surah_number": 12,
        "audio_url": "https://download.quranicaudio.com/qdc/abdurrahmaan_as_sudais/murattal/12.mp3",
        "duration": 1627
    },
    "13": {
        "surah_number": 13,
        "audio_url": "https://download.quranicaudio.com/qdc/abdurrahmaan_as_sudais/murattal/13.mp3",
        "duration": 887
    },
    "14": {
        "surah_number": 14,
        "audio_url": "https://download.quranicaudio.com/qdc/abdurrahmaan_as_sudais/murattal/14.mp3",
        "duration": 781
    },
    "15": {
        "surah_number": 15,
        "audio_url": "https://download.quranicaudio.com/qdc/abdurrahmaan_as_sudais/murattal/15.mp3",
        "duration": 656
    },
    "16": {
        "surah_number": 16,
        "audio_url": "https://download.quranicaudio.com/qdc/abdurrahmaan_as_sudais/murattal/16.mp3",
        "duration": 1728
    },
    "17": {
        "surah_number": 17,
        "audio_url": "https://download.quranicaudio.com/qdc/abdurrahmaan_as_sudais/murattal/17.mp3",
        "duration": 1519
    },
    "18": {
        "surah_number": 18,
        "audio_url": "https://download.quranicaudio.com/qdc/abdurrahmaan_as_sudais/murattal/18.mp3",
        "duration": 1417
    },
    "19": {
        "surah_number": 19,
        "audio_url": "https://download.quranicaudio.com/qdc/abdurrahmaan_as_sudais/murattal/19.mp3",
        "duration": 938
    },
    "20": {
        "surah_number": 20,
        "audio_url": "https://download.quranicaudio.com/qdc/abdurrahmaan_as_sudais/murattal/20.mp3",
        "duration": 1142
    },
    "21": {
        "surah_number": 21,
        "audio_url": "https://download.quranicaudio.com/qdc/abdurrahmaan_as_sudais/murattal/21.mp3",
        "duration": 1142
    },
    "22": {
        "surah_number": 22,
        "audio_url": "https://download.quranicaudio.com/qdc/abdurrahmaan_as_sudais/murattal/22.mp3",
        "duration": 1183
    },
    "23": {
        "surah_number": 23,
        "audio_url": "https://download.quranicaudio.com/qdc/abdurrahmaan_as_sudais/murattal/23.mp3",
        "duration": 993
    },
    "24": {
        "surah_number": 24,
        "audio_url": "https://download.quranicaudio.com/qdc/abdurrahmaan_as_sudais/murattal/24.mp3",
        "duration": 1309
    },
    "25": {
        "surah_number": 25,
        "audio_url": "https://download.quranicaudio.com/qdc/abdurrahmaan_as_sudais/murattal/25.mp3",
        "duration": 843
    },
    "26": {
        "surah_number": 26,
        "audio_url": "https://download.quranicaudio.com/qdc/abdurrahmaan_as_sudais/murattal/26.mp3",
        "duration": 1198
    },
    "27": {
        "surah_number": 27,
        "audio_url": "https://download.quranicaudio.com/qdc/abdurrahmaan_as_sudais/murattal/27.mp3",
        "duration": 1032
    },
    "28": {
        "surah_number": 28,
        "audio_url": "https://download.quranicaudio.com/qdc/abdurrahmaan_as_sudais/murattal/28.mp3",
        "duration": 1360
    },
    "29": {
        "surah_number": 29,
        "audio_url": "https://download.quranicaudio.com/qdc/abdurrahmaan_as_sudais/murattal/29.mp3",
        "duration": 900
    },
    "30": {
        "surah_number": 30,
        "audio_url": "https://download.quranicaudio.com/qdc/abdurrahmaan_as_sudais/murattal/30.mp3",
        "duration": 714
    },
    "31": {
        "surah_number": 31,
        "audio_url": "https://download.quranicaudio.com/qdc/abdurrahmaan_as_sudais/murattal/31.mp3",
        "duration": 515
    },
    "32": {
        "surah_number": 32,
        "audio_url": "https://download.quranicaudio.com/qdc/abdurrahmaan_as_sudais/murattal/32.mp3",
        "duration": 346
    },
    "33": {
        "surah_number": 33,
        "audio_url": "https://download.quranicaudio.com/qdc/abdurrahmaan_as_sudais/murattal/33.mp3",
        "duration": 1432
    },
    "34": {
        "surah_number": 34,
        "audio_url": "https://download.quranicaudio.com/qdc/abdurrahmaan_as_sudais/murattal/34.mp3",
        "duration": 861
    },
    "35": {
        "surah_number": 35,
        "audio_url": "https://download.quranicaudio.com/qdc/abdurrahmaan_as_sudais/murattal/35.mp3",
        "duration": 692
    },
    "36": {
        "surah_number": 36,
        "audio_url": "https://download.quranicaudio.com/qdc/abdurrahmaan_as_sudais/murattal/36.mp3",
        "duration": 750
    },
    "37": {
        "surah_number": 37,
        "audio_url": "https://download.quranicaudio.com/qdc/abdurrahmaan_as_sudais/murattal/37.mp3",
        "duration": 851
    },
    "38": {
        "surah_number": 38,
        "audio_url": "https://download.quranicaudio.com/qdc/abdurrahmaan_as_sudais/murattal/38.mp3",
        "duration": 689
    },
    "39": {
        "surah_number": 39,
        "audio_url": "https://download.quranicaudio.com/qdc/abdurrahmaan_as_sudais/murattal/39.mp3",
        "duration": 1128
    },
    "40": {
        "surah_number": 40,
        "audio_url": "https://download.quranicaudio.com/qdc/abdurrahmaan_as_sudais/murattal/40.mp3",
        "duration": 1204
    },
    "41": {
        "surah_number": 41,
        "audio_url": "https://download.quranicaudio.com/qdc/abdurrahmaan_as_sudais/murattal/41.mp3",
        "duration": 758
    },
    "42": {
        "surah_number": 42,
        "audio_url": "https://download.quranicaudio.com/qdc/abdurrahmaan_as_sudais/murattal/42.mp3",
        "duration": 890
    },
    "43": {
        "surah_number": 43,
        "audio_url": "https://download.quranicaudio.com/qdc/abdurrahmaan_as_sudais/murattal/43.mp3",
        "duration": 959
    },
    "44": {
        "surah_number": 44,
        "audio_url": "https://download.quranicaudio.com/qdc/abdurrahmaan_as_sudais/murattal/44.mp3",
        "duration": 386
    },
    "45": {
        "surah_number": 45,
        "audio_url": "https://download.quranicaudio.com/qdc/abdurrahmaan_as_sudais/murattal/45.mp3",
        "duration": 496
    },
    "46": {
        "surah_number": 46,
        "audio_url": "https://download.quranicaudio.com/qdc/abdurrahmaan_as_sudais/murattal/46.mp3",
        "duration": 629
    },
    "47": {
        "surah_number": 47,
        "audio_url": "https://download.quranicaudio.com/qdc/abdurrahmaan_as_sudais/murattal/47.mp3",
        "duration": 551
    },
    "48": {
        "surah_number": 48,
        "audio_url": "https://download.quranicaudio.com/qdc/abdurrahmaan_as_sudais/murattal/48.mp3",
        "duration": 575
    },
    "49": {
        "surah_number": 49,
        "audio_url": "https://download.quranicaudio.com/qdc/abdurrahmaan_as_sudais/murattal/49.mp3",
        "duration": 365
    },
    "50": {
        "surah_number": 50,
        "audio_url": "https://download.quranicaudio.com/qdc/abdurrahmaan_as_sudais/murattal/50.mp3",
        "duration": 437
    },
    "51": {
        "surah_number": 51,
        "audio_url": "https://download.quranicaudio.com/qdc/abdurrahmaan_as_sudais/murattal/51.mp3",
        "duration": 401
    },
    "52": {
        "surah_number": 52,
        "audio_url": "https://download.quranicaudio.com/qdc/abdurrahmaan_as_sudais/murattal/52.mp3",
        "duration": 334
    },
    "53": {
        "surah_number": 53,
        "audio_url": "https://download.quranicaudio.com/qdc/abdurrahmaan_as_sudais/murattal/53.mp3",
        "duration": 394
    },
    "54": {
        "surah_number": 54,
        "audio_url": "https://download.quranicaudio.com/qdc/abdurrahmaan_as_sudais/murattal/54.mp3",
        "duration": 344
    },
    "55": {
        "surah_number": 55,
        "audio_url": "https://download.quranicaudio.com/qdc/abdurrahmaan_as_sudais/murattal/55.mp3",
        "duration": 473
    },
    "56": {
        "surah_number": 56,
        "audio_url": "https://download.quranicaudio.com/qdc/abdurrahmaan_as_sudais/murattal/56.mp3",
        "duration": 377
    },
    "57": {
        "surah_number": 57,
        "audio_url": "https://download.quranicaudio.com/qdc/abdurrahmaan_as_sudais/murattal/57.mp3",
        "duration": 524
    },
    "58": {
        "surah_number": 58,
        "audio_url": "https://download.quranicaudio.com/qdc/abdurrahmaan_as_sudais/murattal/58.mp3",
        "duration": 489
    },
    "59": {
        "surah_number": 59,
        "audio_url": "https://download.quranicaudio.com/qdc/abdurrahmaan_as_sudais/murattal/59.mp3",
        "duration": 462
    },
    "60": {
        "surah_number": 60,
        "audio_url": "https://download.quranicaudio.com/qdc/abdurrahmaan_as_sudais/murattal/60.mp3",
        "duration": 363
    },
    "61": {
        "surah_number": 61,
        "audio_url": "https://download.quranicaudio.com/qdc/abdurrahmaan_as_sudais/murattal/61.mp3",
        "duration": 229
    },
    "62": {
        "surah_number": 62,
        "audio_url": "https://download.quranicaudio.com/qdc/abdurrahmaan_as_sudais/murattal/62.mp3",
        "duration": 178
    },
    "63": {
        "surah_number": 63,
        "audio_url": "https://download.quranicaudio.com/qdc/abdurrahmaan_as_sudais/murattal/63.mp3",
        "duration": 194
    },
    "64": {
        "surah_number": 64,
        "audio_url": "https://download.quranicaudio.com/qdc/abdurrahmaan_as_sudais/murattal/64.mp3",
        "duration": 241
    },
    "65": {
        "surah_number": 65,
        "audio_url": "https://download.quranicaudio.com/qdc/abdurrahmaan_as_sudais/murattal/65.mp3",
        "duration": 284
    },
    "66": {
        "surah_number": 66,
        "audio_url": "https://download.quranicaudio.com/qdc/abdurrahmaan_as_sudais/murattal/66.mp3",
        "duration": 278
    },
    "67": {
        "surah_number": 67,
        "audio_url": "https://download.quranicaudio.com/qdc/abdurrahmaan_as_sudais/murattal/67.mp3",
        "duration": 354
    },
    "68": {
        "surah_number": 68,
        "audio_url": "https://download.quranicaudio.com/qdc/abdurrahmaan_as_sudais/murattal/68.mp3",
        "duration": 327
    },
    "69": {
        "surah_number": 69,
        "audio_url": "https://download.quranicaudio.com/qdc/abdurrahmaan_as_sudais/murattal/69.mp3",
        "duration": 322
    },
    "70": {
        "surah_number": 70,
        "audio_url": "https://download.quranicaudio.com/qdc/abdurrahmaan_as_sudais/murattal/70.mp3",
        "duration": 287
    },
    "71": {
        "surah_number": 71,
        "audio_url": "https://download.quranicaudio.com/qdc/abdurrahmaan_as_sudais/murattal/71.mp3",
        "duration": 250
    },
    "72": {
        "surah_number": 72,
        "audio_url": "https://download.quranicaudio.com/qdc/abdurrahmaan_as_sudais/murattal/72.mp3",
        "duration": 266
    },
    "73": {
        "surah_number": 73,
        "audio_url": "https://download.quranicaudio.com/qdc/abdurrahmaan_as_sudais/murattal/73.mp3",
        "duration": 200
    },
    "74": {
        "surah_number": 74,
        "audio_url": "https://download.quranicaudio.com/qdc/abdurrahmaan_as_sudais/murattal/74.mp3",
        "duration": 254
    },
    "75": {
        "surah_number": 75,
        "audio_url": "https://download.quranicaudio.com/qdc/abdurrahmaan_as_sudais/murattal/75.mp3",
        "duration": 157
    },
    "76": {
        "surah_number": 76,
        "audio_url": "https://download.quranicaudio.com/qdc/abdurrahmaan_as_sudais/murattal/76.mp3",
        "duration": 246
    },
    "77": {
        "surah_number": 77,
        "audio_url": "https://download.quranicaudio.com/qdc/abdurrahmaan_as_sudais/murattal/77.mp3",
        "duration": 204
    },
    "78": {
        "surah_number": 78,
        "audio_url": "https://download.quranicaudio.com/qdc/abdurrahmaan_as_sudais/murattal/78.mp3",
        "duration": 208
    },
    "79": {
        "surah_number": 79,
        "audio_url": "https://download.quranicaudio.com/qdc/abdurrahmaan_as_sudais/murattal/79.mp3",
        "duration": 176
    },
    "80": {
        "surah_number": 80,
        "audio_url": "https://download.quranicaudio.com/qdc/abdurrahmaan_as_sudais/murattal/80.mp3",
        "duration": 145
    },
    "81": {
        "surah_number": 81,
        "audio_url": "https://download.quranicaudio.com/qdc/abdurrahmaan_as_sudais/murattal/81.mp3",
        "duration": 98
    },
    "82": {
        "surah_number": 82,
        "audio_url": "https://download.quranicaudio.com/qdc/abdurrahmaan_as_sudais/murattal/82.mp3",
        "duration": 72
    },
    "83": {
        "surah_number": 83,
        "audio_url": "https://download.quranicaudio.com/qdc/abdurrahmaan_as_sudais/murattal/83.mp3",
        "duration": 167
    },
    "84": {
        "surah_number": 84,
        "audio_url": "https://download.quranicaudio.com/qdc/abdurrahmaan_as_sudais/murattal/84.mp3",
        "duration": 103
    },
    "85": {
        "surah_number": 85,
        "audio_url": "https://download.quranicaudio.com/qdc/abdurrahmaan_as_sudais/murattal/85.mp3",
        "duration": 106
    },
    "86": {
        "surah_number": 86,
        "audio_url": "https://download.quranicaudio.com/qdc/abdurrahmaan_as_sudais/murattal/86.mp3",
        "duration": 66
    },
    "87": {
        "surah_number": 87,
        "audio_url": "https://download.quranicaudio.com/qdc/abdurrahmaan_as_sudais/murattal/87.mp3",
        "duration": 69
    },
    "88": {
        "surah_number": 88,
        "audio_url": "https://download.quranicaudio.com/qdc/abdurrahmaan_as_sudais/murattal/88.mp3",
        "duration": 98
    },
    "89": {
        "surah_number": 89,
        "audio_url": "https://download.quranicaudio.com/qdc/abdurrahmaan_as_sudais/murattal/89.mp3",
        "duration": 142
    },
    "90": {
        "surah_number": 90,
        "audio_url": "https://download.quranicaudio.com/qdc/abdurrahmaan_as_sudais/murattal/90.mp3",
        "duration": 76
    },
    "91": {
        "surah_number": 91,
        "audio_url": "https://download.quranicaudio.com/qdc/abdurrahmaan_as_sudais/murattal/91.mp3",
        "duration": 56
    },
    "92": {
        "surah_number": 92,
        "audio_url": "https://download.quranicaudio.com/qdc/abdurrahmaan_as_sudais/murattal/92.mp3",
        "duration": 73
    },
    "93": {
        "surah_number": 93,
        "audio_url": "https://download.quranicaudio.com/qdc/abdurrahmaan_as_sudais/murattal/93.mp3",
        "duration": 42
    },
    "94": {
        "surah_number": 94,
        "audio_url": "https://download.quranicaudio.com/qdc/abdurrahmaan_as_sudais/murattal/94.mp3",
        "duration": 22
    },
    "95": {
        "surah_number": 95,
        "audio_url": "https://download.quranicaudio.com/qdc/abdurrahmaan_as_sudais/murattal/95.mp3",
        "duration": 34
    },
    "96": {
        "surah_number": 96,
        "audio_url": "https://download.quranicaudio.com/qdc/abdurrahmaan_as_sudais/murattal/96.mp3",
        "duration": 67
    },
    "97": {
        "surah_number": 97,
        "audio_url": "https://download.quranicaudio.com/qdc/abdurrahmaan_as_sudais/murattal/97.mp3",
        "duration": 28
    },
    "98": {
        "surah_number": 98,
        "audio_url": "https://download.quranicaudio.com/qdc/abdurrahmaan_as_sudais/murattal/98.mp3",
        "duration": 89
    },
    "99": {
        "surah_number": 99,
        "audio_url": "https://download.quranicaudio.com/qdc/abdurrahmaan_as_sudais/murattal/99.mp3",
        "duration": 46
    },
    "100": {
        "surah_number": 100,
        "audio_url": "https://download.quranicaudio.com/qdc/abdurrahmaan_as_sudais/murattal/100.mp3",
        "duration": 52
    },
    "101": {
        "surah_number": 101,
        "audio_url": "https://download.quranicaudio.com/qdc/abdurrahmaan_as_sudais/murattal/101.mp3",
        "duration": 48
    },
    "102": {
        "surah_number": 102,
        "audio_url": "https://download.quranicaudio.com/qdc/abdurrahmaan_as_sudais/murattal/102.mp3",
        "duration": 38
    },
    "103": {
        "surah_number": 103,
        "audio_url": "https://download.quranicaudio.com/qdc/abdurrahmaan_as_sudais/murattal/103.mp3",
        "duration": 21
    },
    "104": {
        "surah_number": 104,
        "audio_url": "https://download.quranicaudio.com/qdc/abdurrahmaan_as_sudais/murattal/104.mp3",
        "duration": 37
    },
    "105": {
        "surah_number": 105,
        "audio_url": "https://download.quranicaudio.com/qdc/abdurrahmaan_as_sudais/murattal/105.mp3",
        "duration": 30
    },
    "106": {
        "surah_number": 106,
        "audio_url": "https://download.quranicaudio.com/qdc/abdurrahmaan_as_sudais/murattal/106.mp3",
        "duration": 26
    },
    "107": {
        "surah_number": 107,
        "audio_url": "https://download.quranicaudio.com/qdc/abdurrahmaan_as_sudais/murattal/107.mp3",
        "duration": 30
    },
    "108": {
        "surah_number": 108,
        "audio_url": "https://download.quranicaudio.com/qdc/abdurrahmaan_as_sudais/murattal/108.mp3",
        "duration": 13
    },
    "109": {
        "surah_number": 109,
        "audio_url": "https://download.quranicaudio.com/qdc/abdurrahmaan_as_sudais/murattal/109.mp3",
        "duration": 26
    },
    "110": {
        "surah_number": 110,
        "audio_url": "https://download.quranicaudio.com/qdc/abdurrahmaan_as_sudais/murattal/110.mp3",
        "duration": 22
    },
    "111": {
        "surah_number": 111,
        "audio_url": "https://download.quranicaudio.com/qdc/abdurrahmaan_as_sudais/murattal/111.mp3",
        "duration": 25
    },
    "112": {
        "surah_number": 112,
        "audio_url": "https://download.quranicaudio.com/qdc/abdurrahmaan_as_sudais/murattal/112.mp3",
        "duration": 12
    },
    "113": {
        "surah_number": 113,
        "audio_url": "https://download.quranicaudio.com/qdc/abdurrahmaan_as_sudais/murattal/113.mp3",
        "duration": 21
    },
    "114": {
        "surah_number": 114,
        "audio_url": "https://download.quranicaudio.com/qdc/abdurrahmaan_as_sudais/murattal/114.mp3",
        "duration": 26
    },
    "": {
        "surah_number": null,
        "audio_url": null,
        "duration": 1396
    }
}